Lineage , Full Name , Median Growth Adv , F456L , R346T , T572I , N450D , F59S , F456V , L455S , S31F , K182N , R403K , S446G , N185D , N148T , K444T , K478R , K444N , D253G , P521S , S680F , M153I , P621S , V70- , H681R , N481K , E554K , H245N , H69- , G213- , N211I , K356T , L212G , Y145- , S704L , R346S , A688V , L452R , T573I , T470N , A484K , A222V , A701V , N460K , G446S , Y248H , D339H , A475V , Q52H , H146- , L455F , F490S , G213E , T307I , T95I , S939F , S486P , F157L , R493Q
BA.2 , BA.2 , 1.14 ,   ,   ,   ,   ,   ,   ,   ,   ,   ,   ,  X  ,   ,   ,   ,   ,   ,   ,   ,   ,   ,   ,   ,   ,   ,   ,   ,   ,   ,   ,   ,   ,   ,   ,   ,   ,   ,   ,   ,   ,   ,   ,   ,   ,   ,   ,   ,   ,   ,   ,   ,   ,   ,   ,   ,   ,   ,  
BA.2.86 , BA.2.86 , 0.86 ,   ,   ,   ,  X  ,   ,   ,   ,   ,   ,  X  ,   ,   ,   ,   ,   ,   ,   ,   ,   ,   ,  X  ,  X  ,  X  ,  X  ,  X  ,  X  ,  X  ,  X  ,  X  ,  X  ,  X  ,  X  ,   ,   ,   ,   ,   ,   ,   ,   ,   ,  X  ,  X  ,   ,  X  ,   ,   ,   ,   ,   ,   ,   ,   ,  X  ,   ,   ,  X 
BA.2.86.1 , BA.2.86.1 , 0.84 ,   ,   ,   ,  X  ,   ,   ,   ,   ,   ,  X  ,   ,   ,   ,   ,   ,   ,   ,   ,   ,   ,  X  ,  X  ,  X  ,  X  ,  X  ,  X  ,  X  ,  X  ,  X  ,  X  ,  X  ,  X  ,   ,   ,   ,   ,   ,   ,   ,   ,   ,  X  ,  X  ,   ,  X  ,   ,   ,   ,   ,   ,   ,   ,   ,  X  ,   ,   ,  X 
JN.1 , BA.2.86.1.1 (JN.1) , 1.0 ,   ,   ,   ,  X  ,   ,   ,  X  ,   ,   ,  X  ,   ,   ,   ,   ,   ,   ,   ,   ,   ,   ,  X  ,  X  ,  X  ,  X  ,  X  ,  X  ,  X  ,  X  ,  X  ,  X  ,  X  ,  X  ,   ,   ,   ,   ,   ,   ,   ,   ,   ,  X  ,  X  ,   ,  X  ,   ,   ,   ,   ,   ,   ,   ,   ,  X  ,   ,   ,  X 
JN.1.1 , BA.2.86.1.1.1 (JN.1.1) , 0.89 ,   ,   ,   ,  X  ,   ,   ,  X  ,   ,   ,  X  ,   ,   ,   ,   ,   ,   ,   ,   ,   ,   ,  X  ,  X  ,  X  ,  X  ,  X  ,  X  ,  X  ,  X  ,  X  ,  X  ,  X  ,  X  ,   ,   ,   ,   ,   ,   ,   ,   ,   ,  X  ,  X  ,   ,  X  ,   ,   ,   ,   ,   ,   ,   ,   ,  X  ,   ,   ,  X 
JN.1.1.5 , BA.2.86.1.1.1.5 (JN.1.1.5) , 1.04 ,   ,  X  ,   ,  X  ,   ,   ,  X  ,   ,   ,  X  ,   ,   ,   ,   ,   ,   ,   ,   ,   ,   ,  X  ,  X  ,  X  ,  X  ,  X  ,  X  ,  X  ,  X  ,  X  ,  X  ,  X  ,  X  ,   ,   ,   ,   ,   ,   ,   ,   ,   ,  X  ,  X  ,   ,  X  ,   ,   ,   ,   ,   ,   ,   ,   ,  X  ,   ,   ,  X 
JN.1.1.1 , BA.2.86.1.1.1.1 (JN.1.1.1) , 0.99 ,   ,   ,  X  ,  X  ,   ,   ,  X  ,   ,   ,  X  ,   ,   ,   ,   ,   ,   ,   ,   ,   ,   ,  X  ,  X  ,  X  ,  X  ,  X  ,  X  ,  X  ,  X  ,  X  ,  X  ,  X  ,  X  ,   ,   ,   ,   ,   ,   ,   ,   ,   ,  X  ,  X  ,   ,  X  ,   ,   ,   ,   ,   ,   ,   ,   ,  X  ,   ,   ,  X 
KR.1 , BA.2.86.1.1.1.5.1 (KR.1) , 1.33 ,  X  ,  X  ,   ,  X  ,   ,   ,  X  ,   ,   ,  X  ,   ,   ,   ,   ,   ,   ,   ,   ,   ,   ,  X  ,  X  ,  X  ,  X  ,  X  ,  X  ,  X  ,  X  ,  X  ,  X  ,  X  ,  X  ,   ,   ,   ,   ,   ,   ,   ,   ,   ,  X  ,  X  ,   ,  X  ,   ,   ,   ,   ,   ,   ,   ,   ,  X  ,   ,   ,  X 
JN.1.10 , BA.2.86.1.1.10 (JN.1.10) , 0.95 ,   ,   ,   ,  X  ,   ,   ,  X  ,   ,   ,  X  ,   ,   ,   ,   ,   ,   ,   ,   ,   ,   ,  X  ,  X  ,  X  ,  X  ,  X  ,  X  ,  X  ,  X  ,  X  ,  X  ,  X  ,  X  ,   ,   ,   ,   ,   ,   ,   ,   ,   ,  X  ,  X  ,   ,  X  ,   ,   ,   ,   ,   ,   ,   ,  X  ,  X  ,   ,   ,  X 
JN.1.11.1 , BA.2.86.1.1.11.1 (JN.1.11.1) , 1.45 ,  X  ,   ,   ,  X  ,   ,   ,  X  ,   ,   ,  X  ,   ,   ,   ,   ,   ,   ,   ,   ,   ,   ,  X  ,  X  ,  X  ,  X  ,  X  ,  X  ,  X  ,  X  ,  X  ,  X  ,  X  ,  X  ,   ,   ,   ,   ,   ,   ,   ,   ,   ,  X  ,  X  ,   ,  X  ,   ,   ,   ,   ,   ,   ,   ,   ,  X  ,   ,   ,  X 
JN.1.11 , BA.2.86.1.1.11 (JN.1.11) , 1.09 ,   ,   ,   ,  X  ,   ,   ,  X  ,   ,   ,  X  ,   ,   ,   ,   ,   ,   ,   ,   ,   ,   ,  X  ,  X  ,  X  ,  X  ,  X  ,  X  ,  X  ,  X  ,  X  ,  X  ,  X  ,  X  ,   ,   ,   ,   ,   ,   ,   ,   ,   ,  X  ,  X  ,   ,  X  ,   ,   ,   ,   ,   ,   ,   ,   ,  X  ,   ,   ,  X 
KP.1 , BA.2.86.1.1.11.1.1 (KP.1) , 1.38 ,  X  ,   ,   ,  X  ,   ,   ,  X  ,   ,   ,  X  ,   ,   ,   ,   ,   ,   ,   ,   ,   ,   ,  X  ,  X  ,  X  ,  X  ,  X  ,  X  ,  X  ,  X  ,  X  ,  X  ,  X  ,  X  ,   ,   ,   ,   ,   ,   ,   ,   ,   ,  X  ,  X  ,   ,  X  ,   ,   ,   ,   ,   ,   ,   ,   ,  X  ,   ,   ,  X 
KP.1.1 , BA.2.86.1.1.11.1.1.1 (KP.1.1) , 1.91 ,  X  ,  X  ,   ,  X  ,   ,   ,  X  ,   ,   ,  X  ,   ,   ,   ,   ,   ,   ,   ,   ,   ,   ,  X  ,  X  ,  X  ,  X  ,  X  ,  X  ,  X  ,  X  ,  X  ,  X  ,  X  ,  X  ,   ,   ,   ,   ,   ,   ,   ,   ,   ,  X  ,  X  ,   ,  X  ,   ,   ,   ,   ,   ,   ,   ,   ,  X  ,   ,   ,  X 
KP.1.1.1 , BA.2.86.1.1.11.1.1.1.1 (KP.1.1.1) , 2.13 ,  X  ,  X  ,   ,  X  ,   ,   ,  X  ,   ,  X  ,  X  ,   ,   ,   ,   ,   ,   ,   ,   ,   ,   ,  X  ,  X  ,  X  ,  X  ,  X  ,  X  ,  X  ,  X  ,  X  ,  X  ,  X  ,  X  ,   ,   ,   ,   ,   ,   ,   ,   ,   ,  X  ,  X  ,   ,  X  ,   ,   ,   ,   ,   ,   ,   ,   ,  X  ,   ,   ,  X 
KP.2 , BA.2.86.1.1.11.1.2 (KP.2) , 2.01 ,  X  ,  X  ,   ,  X  ,   ,   ,  X  ,   ,   ,  X  ,   ,   ,   ,   ,   ,   ,   ,   ,   ,   ,  X  ,  X  ,  X  ,  X  ,  X  ,  X  ,  X  ,  X  ,  X  ,  X  ,  X  ,  X  ,   ,   ,   ,   ,   ,   ,   ,   ,   ,  X  ,  X  ,   ,  X  ,   ,   ,   ,   ,   ,   ,   ,   ,  X  ,   ,   ,  X 
JN.1.13.1 , BA.2.86.1.1.13.1 (JN.1.13.1) , 1.47 ,   ,  X  ,   ,  X  ,  X  ,   ,  X  ,   ,   ,  X  ,   ,   ,   ,   ,   ,   ,   ,   ,   ,   ,  X  ,  X  ,  X  ,  X  ,  X  ,  X  ,  X  ,  X  ,  X  ,  X  ,  X  ,  X  ,   ,   ,   ,   ,   ,   ,   ,   ,   ,  X  ,  X  ,   ,  X  ,   ,   ,   ,   ,   ,   ,   ,   ,  X  ,   ,   ,  X 
KP.3 , BA.2.86.1.1.11.1.3 (KP.3) , 2.14 ,  X  ,   ,   ,  X  ,   ,   ,  X  ,   ,   ,  X  ,   ,   ,   ,   ,   ,   ,   ,   ,   ,   ,  X  ,  X  ,  X  ,  X  ,  X  ,  X  ,  X  ,  X  ,  X  ,  X  ,  X  ,  X  ,   ,   ,   ,   ,   ,   ,   ,   ,   ,  X  ,  X  ,   ,  X  ,   ,   ,   ,   ,   ,   ,   ,   ,  X  ,   ,   ,  
KS.1 , BA.2.86.1.1.13.1.1 (KS.1) , 2.23 ,  X  ,  X  ,   ,  X  ,  X  ,   ,  X  ,   ,   ,  X  ,   ,   ,   ,   ,   ,   ,   ,   ,   ,   ,  X  ,  X  ,  X  ,  X  ,  X  ,  X  ,  X  ,  X  ,  X  ,  X  ,  X  ,  X  ,   ,   ,   ,   ,   ,   ,   ,   ,   ,  X  ,  X  ,   ,  X  ,   ,   ,   ,   ,   ,   ,   ,   ,  X  ,   ,   ,  X 
JN.1.15 , BA.2.86.1.1.15 (JN.1.15) , 1.02 ,   ,   ,   ,  X  ,   ,   ,  X  ,   ,   ,  X  ,   ,   ,   ,   ,   ,   ,   ,   ,   ,   ,  X  ,  X  ,  X  ,  X  ,  X  ,  X  ,  X  ,  X  ,  X  ,  X  ,  X  ,  X  ,   ,   ,  X  ,   ,   ,   ,   ,   ,   ,  X  ,  X  ,   ,  X  ,   ,   ,   ,   ,   ,   ,   ,   ,  X  ,   ,   ,  X 
JN.1.14 , BA.2.86.1.1.14 (JN.1.14) , 1.1 ,   ,   ,   ,  X  ,   ,   ,  X  ,   ,   ,  X  ,   ,   ,   ,   ,   ,   ,   ,   ,   ,   ,  X  ,  X  ,  X  ,  X  ,  X  ,  X  ,  X  ,  X  ,  X  ,  X  ,  X  ,  X  ,   ,  X  ,   ,   ,   ,   ,   ,   ,   ,  X  ,  X  ,   ,  X  ,   ,   ,   ,   ,   ,   ,   ,   ,  X  ,   ,   ,  X 
JN.1.16 , BA.2.86.1.1.16 (JN.1.16) , 1.38 ,  X  ,   ,   ,  X  ,   ,   ,  X  ,   ,   ,  X  ,   ,   ,   ,   ,   ,   ,   ,   ,   ,   ,  X  ,  X  ,  X  ,  X  ,  X  ,  X  ,  X  ,  X  ,  X  ,  X  ,  X  ,  X  ,   ,   ,   ,   ,   ,   ,   ,   ,   ,  X  ,  X  ,   ,  X  ,   ,   ,   ,   ,   ,   ,   ,   ,  X  ,   ,   ,  X 
JN.1.16.1 , BA.2.86.1.1.16.1 (JN.1.16.1) , 1.79 ,  X  ,  X  ,   ,  X  ,   ,   ,  X  ,   ,   ,  X  ,   ,   ,   ,   ,   ,   ,   ,   ,   ,   ,  X  ,  X  ,  X  ,  X  ,  X  ,  X  ,  X  ,  X  ,  X  ,  X  ,  X  ,  X  ,   ,   ,   ,   ,   ,   ,   ,   ,   ,  X  ,  X  ,   ,  X  ,   ,   ,   ,   ,   ,   ,   ,   ,  X  ,   ,   ,  X 
JN.1.17 , BA.2.86.1.1.17 (JN.1.17) , 0.99 ,   ,   ,   ,  X  ,   ,   ,  X  ,   ,   ,  X  ,   ,   ,   ,   ,   ,   ,   ,   ,   ,   ,  X  ,  X  ,  X  ,  X  ,  X  ,  X  ,  X  ,  X  ,  X  ,  X  ,  X  ,  X  ,   ,   ,   ,   ,   ,   ,   ,  X  ,   ,  X  ,  X  ,   ,  X  ,   ,   ,   ,   ,   ,   ,   ,   ,  X  ,   ,   ,  X 
JN.1.18 , BA.2.86.1.1.18 (JN.1.18) , 1.24 ,   ,  X  ,   ,  X  ,   ,   ,  X  ,   ,   ,  X  ,   ,   ,   ,   ,   ,   ,   ,   ,   ,   ,  X  ,  X  ,  X  ,  X  ,  X  ,  X  ,  X  ,  X  ,  X  ,  X  ,  X  ,  X  ,   ,   ,   ,   ,   ,   ,   ,   ,   ,  X  ,  X  ,   ,  X  ,   ,   ,   ,   ,   ,   ,   ,   ,  X  ,   ,   ,  X 
JN.1.19 , BA.2.86.1.1.19 (JN.1.19) , 1.06 ,   ,   ,   ,  X  ,   ,   ,  X  ,   ,   ,  X  ,   ,   ,   ,   ,   ,   ,   ,   ,   ,   ,  X  ,  X  ,  X  ,  X  ,  X  ,  X  ,  X  ,  X  ,  X  ,  X  ,  X  ,  X  ,   ,   ,   ,   ,   ,   ,   ,   ,   ,  X  ,  X  ,   ,  X  ,   ,   ,   ,   ,   ,   ,   ,   ,  X  ,   ,   ,  X 
JN.1.18.2 , BA.2.86.1.1.18.2 (JN.1.18.2) , 1.66 ,   ,  X  ,   ,  X  ,  X  ,   ,  X  ,   ,   ,  X  ,   ,   ,   ,   ,   ,   ,   ,   ,   ,   ,  X  ,  X  ,  X  ,  X  ,  X  ,  X  ,  X  ,  X  ,  X  ,  X  ,  X  ,  X  ,   ,   ,   ,   ,   ,   ,   ,   ,   ,  X  ,  X  ,   ,  X  ,   ,   ,   ,   ,   ,   ,   ,   ,  X  ,   ,   ,  X 
JN.1.2 , BA.2.86.1.1.2 (JN.1.2) , 0.9 ,   ,   ,   ,  X  ,   ,   ,  X  ,   ,   ,  X  ,   ,   ,   ,   ,   ,   ,   ,   ,   ,   ,  X  ,  X  ,  X  ,  X  ,  X  ,  X  ,  X  ,  X  ,  X  ,  X  ,  X  ,  X  ,   ,   ,   ,   ,   ,   ,   ,   ,   ,  X  ,  X  ,   ,  X  ,   ,   ,   ,   ,   ,   ,   ,   ,  X  ,   ,   ,  X 
JN.1.20 , BA.2.86.1.1.20 (JN.1.20) , 1.15 ,   ,   ,   ,  X  ,   ,   ,  X  ,  X  ,   ,  X  ,   ,   ,   ,   ,   ,   ,   ,   ,   ,   ,  X  ,  X  ,  X  ,  X  ,  X  ,  X  ,  X  ,  X  ,  X  ,  X  ,  X  ,  X  ,   ,   ,   ,   ,   ,   ,   ,   ,   ,  X  ,  X  ,   ,  X  ,   ,   ,   ,   ,   ,   ,   ,   ,  X  ,   ,   ,  X 
JN.1.21 , BA.2.86.1.1.21 (JN.1.21) , 1.01 ,   ,   ,   ,  X  ,   ,   ,  X  ,   ,   ,  X  ,   ,   ,   ,   ,   ,   ,   ,   ,   ,   ,  X  ,  X  ,  X  ,  X  ,  X  ,  X  ,  X  ,  X  ,  X  ,  X  ,  X  ,  X  ,   ,   ,   ,   ,   ,   ,   ,   ,   ,  X  ,  X  ,   ,  X  ,   ,   ,   ,   ,   ,   ,   ,   ,  X  ,   ,   ,  X 
JN.1.24 , BA.2.86.1.1.24 (JN.1.24) , 1.03 ,   ,   ,   ,  X  ,   ,   ,  X  ,   ,   ,  X  ,   ,   ,   ,   ,   ,   ,   ,   ,   ,   ,  X  ,  X  ,  X  ,  X  ,  X  ,  X  ,  X  ,  X  ,  X  ,  X  ,  X  ,  X  ,   ,   ,   ,   ,   ,   ,   ,   ,   ,  X  ,  X  ,   ,  X  ,   ,   ,   ,   ,   ,   ,   ,   ,  X  ,   ,   ,  X 
JN.1.22 , BA.2.86.1.1.22 (JN.1.22) , 0.95 ,   ,   ,   ,  X  ,   ,   ,  X  ,   ,   ,  X  ,   ,   ,   ,   ,   ,   ,   ,   ,   ,   ,  X  ,  X  ,  X  ,  X  ,  X  ,  X  ,  X  ,  X  ,  X  ,  X  ,  X  ,  X  ,   ,   ,   ,   ,   ,   ,   ,   ,   ,  X  ,  X  ,   ,  X  ,   ,   ,   ,   ,   ,   ,   ,   ,  X  ,   ,   ,  X 
JN.1.28 , BA.2.86.1.1.28 (JN.1.28) , 1.13 ,   ,   ,   ,  X  ,   ,   ,  X  ,   ,   ,  X  ,   ,   ,   ,   ,   ,   ,   ,   ,   ,   ,  X  ,  X  ,  X  ,  X  ,  X  ,  X  ,  X  ,  X  ,  X  ,  X  ,  X  ,  X  ,   ,   ,   ,   ,   ,   ,   ,   ,   ,  X  ,  X  ,   ,  X  ,   ,   ,   ,   ,   ,   ,   ,   ,  X  ,   ,   ,  X 
JN.1.27 , BA.2.86.1.1.27 (JN.1.27) , 1.14 ,   ,   ,   ,  X  ,   ,   ,  X  ,   ,   ,  X  ,   ,   ,   ,   ,   ,   ,   ,   ,   ,  X  ,  X  ,  X  ,  X  ,  X  ,  X  ,  X  ,  X  ,  X  ,  X  ,  X  ,  X  ,  X  ,   ,   ,   ,   ,   ,   ,   ,   ,   ,  X  ,  X  ,   ,  X  ,   ,   ,   ,   ,   ,   ,   ,   ,  X  ,   ,   ,  X 
JN.1.28.1 , BA.2.86.1.1.28.1 (JN.1.28.1) , 1.09 ,   ,   ,   ,  X  ,   ,   ,  X  ,   ,   ,  X  ,   ,   ,   ,   ,   ,   ,   ,   ,   ,   ,  X  ,  X  ,  X  ,  X  ,  X  ,  X  ,  X  ,  X  ,  X  ,  X  ,  X  ,  X  ,   ,   ,   ,   ,   ,   ,   ,   ,   ,  X  ,  X  ,   ,  X  ,   ,   ,   ,   ,   ,   ,   ,   ,  X  ,   ,   ,  X 
KW.1 , BA.2.86.1.1.28.1.1 (KW.1) , 1.29 ,   ,   ,  X  ,  X  ,   ,   ,  X  ,   ,   ,  X  ,   ,   ,   ,   ,   ,   ,   ,   ,   ,   ,  X  ,  X  ,  X  ,  X  ,  X  ,  X  ,  X  ,  X  ,  X  ,  X  ,  X  ,  X  ,   ,   ,   ,   ,   ,   ,   ,   ,   ,  X  ,  X  ,   ,  X  ,   ,   ,   ,   ,   ,   ,   ,   ,  X  ,   ,   ,  X 
KW.1.1 , BA.2.86.1.1.28.1.1.1 (KW.1.1) , 1.59 ,  X  ,   ,  X  ,  X  ,   ,   ,  X  ,   ,   ,  X  ,   ,   ,   ,   ,   ,   ,   ,   ,   ,   ,  X  ,  X  ,  X  ,  X  ,  X  ,  X  ,  X  ,  X  ,  X  ,  X  ,  X  ,  X  ,   ,   ,   ,   ,   ,   ,   ,   ,   ,  X  ,  X  ,   ,  X  ,   ,   ,   ,   ,   ,   ,   ,   ,  X  ,   ,   ,  X 
JN.1.3 , BA.2.86.1.1.3 (JN.1.3) , 1.0 ,   ,   ,   ,  X  ,   ,   ,  X  ,   ,   ,  X  ,   ,   ,   ,   ,   ,   ,   ,   ,   ,   ,  X  ,  X  ,  X  ,  X  ,  X  ,  X  ,  X  ,  X  ,  X  ,  X  ,  X  ,  X  ,   ,   ,   ,   ,   ,   ,   ,   ,   ,  X  ,  X  ,   ,  X  ,   ,   ,   ,   ,   ,   ,   ,   ,  X  ,   ,   ,  X 
JN.1.29 , BA.2.86.1.1.29 (JN.1.29) , 1.03 ,   ,   ,   ,  X  ,   ,   ,  X  ,   ,   ,  X  ,   ,   ,   ,   ,   ,   ,   ,   ,   ,   ,  X  ,  X  ,  X  ,  X  ,  X  ,  X  ,  X  ,  X  ,  X  ,  X  ,  X  ,  X  ,   ,   ,   ,   ,   ,   ,   ,   ,   ,  X  ,  X  ,   ,  X  ,   ,   ,   ,   ,   ,   ,   ,   ,  X  ,   ,   ,  X 
JN.1.30 , BA.2.86.1.1.30 (JN.1.30) , 1.06 ,   ,   ,   ,  X  ,   ,   ,  X  ,   ,   ,  X  ,   ,   ,   ,   ,   ,   ,   ,   ,   ,   ,  X  ,  X  ,  X  ,  X  ,  X  ,  X  ,  X  ,  X  ,  X  ,  X  ,  X  ,  X  ,   ,   ,   ,   ,   ,   ,   ,   ,   ,  X  ,  X  ,   ,  X  ,   ,   ,   ,   ,   ,   ,   ,   ,  X  ,   ,   ,  X 
JN.1.30.1 , BA.2.86.1.1.30.1 (JN.1.30.1) , 1.23 ,   ,  X  ,   ,  X  ,   ,   ,  X  ,   ,   ,  X  ,   ,   ,   ,   ,   ,   ,   ,   ,   ,   ,  X  ,  X  ,  X  ,  X  ,  X  ,  X  ,  X  ,  X  ,  X  ,  X  ,  X  ,  X  ,   ,   ,   ,   ,   ,   ,   ,   ,   ,  X  ,  X  ,   ,  X  ,   ,   ,   ,   ,   ,   ,   ,   ,  X  ,   ,   ,  X 
JN.1.31 , BA.2.86.1.1.31 (JN.1.31) , 1.03 ,   ,   ,   ,  X  ,   ,   ,  X  ,   ,   ,  X  ,   ,   ,   ,   ,   ,   ,   ,   ,   ,   ,  X  ,  X  ,  X  ,  X  ,  X  ,  X  ,  X  ,  X  ,  X  ,  X  ,  X  ,  X  ,   ,   ,   ,   ,   ,   ,   ,   ,   ,  X  ,  X  ,   ,  X  ,   ,   ,   ,   ,   ,   ,   ,   ,  X  ,   ,   ,  X 
KU.2 , BA.2.86.1.1.30.1.2 (KU.2) , 1.61 ,  X  ,  X  ,   ,  X  ,   ,   ,  X  ,   ,   ,  X  ,   ,   ,   ,   ,   ,   ,   ,   ,   ,   ,  X  ,  X  ,  X  ,  X  ,  X  ,  X  ,  X  ,  X  ,  X  ,  X  ,  X  ,  X  ,   ,   ,   ,   ,   ,   ,   ,   ,   ,  X  ,  X  ,   ,  X  ,   ,   ,   ,   ,   ,   ,   ,   ,  X  ,   ,   ,  X 
JN.1.32 , BA.2.86.1.1.32 (JN.1.32) , 1.18 ,   ,   ,  X  ,  X  ,   ,   ,  X  ,   ,   ,  X  ,   ,   ,   ,   ,   ,   ,   ,   ,   ,   ,  X  ,  X  ,  X  ,  X  ,  X  ,  X  ,  X  ,  X  ,  X  ,  X  ,  X  ,  X  ,   ,   ,   ,   ,   ,   ,   ,   ,   ,  X  ,  X  ,   ,  X  ,   ,   ,   ,   ,   ,   ,   ,   ,  X  ,   ,   ,  X 
JN.1.33 , BA.2.86.1.1.33 (JN.1.33) , 1.19 ,   ,   ,   ,  X  ,   ,   ,  X  ,   ,   ,  X  ,   ,   ,   ,   ,   ,   ,   ,   ,   ,   ,  X  ,  X  ,  X  ,  X  ,  X  ,  X  ,  X  ,  X  ,  X  ,  X  ,  X  ,  X  ,   ,   ,   ,   ,   ,   ,   ,   ,   ,  X  ,  X  ,   ,  X  ,   ,   ,   ,   ,   ,   ,   ,   ,  X  ,   ,   ,  X 
JN.1.34 , BA.2.86.1.1.34 (JN.1.34) , 1.02 ,   ,   ,   ,  X  ,   ,   ,  X  ,   ,   ,  X  ,   ,   ,   ,   ,   ,   ,   ,   ,   ,   ,  X  ,  X  ,  X  ,  X  ,  X  ,  X  ,  X  ,  X  ,  X  ,  X  ,  X  ,  X  ,  X  ,   ,   ,   ,   ,   ,   ,   ,   ,  X  ,  X  ,   ,  X  ,   ,   ,   ,   ,   ,   ,   ,   ,  X  ,   ,   ,  X 
JN.1.35 , BA.2.86.1.1.35 (JN.1.35) , 1.05 ,   ,   ,   ,  X  ,   ,   ,  X  ,   ,   ,  X  ,   ,   ,   ,   ,   ,   ,   ,   ,   ,   ,  X  ,  X  ,  X  ,  X  ,  X  ,  X  ,  X  ,  X  ,  X  ,  X  ,  X  ,  X  ,   ,   ,   ,   ,   ,   ,   ,   ,   ,  X  ,  X  ,   ,  X  ,   ,   ,   ,   ,   ,   ,   ,   ,  X  ,   ,   ,  X 
JN.1.37 , BA.2.86.1.1.37 (JN.1.37) , 1.03 ,   ,   ,   ,  X  ,   ,   ,  X  ,   ,   ,  X  ,   ,   ,   ,   ,   ,   ,   ,   ,  X  ,   ,  X  ,  X  ,  X  ,  X  ,  X  ,  X  ,  X  ,  X  ,  X  ,  X  ,  X  ,  X  ,   ,   ,   ,   ,   ,   ,   ,   ,   ,  X  ,  X  ,   ,  X  ,   ,   ,   ,   ,   ,   ,   ,   ,  X  ,   ,   ,  X 
JN.1.39 , BA.2.86.1.1.39 (JN.1.39) , 1.05 ,   ,   ,   ,  X  ,   ,   ,  X  ,   ,   ,  X  ,   ,   ,   ,   ,   ,   ,   ,   ,   ,   ,  X  ,  X  ,  X  ,  X  ,  X  ,  X  ,  X  ,  X  ,  X  ,  X  ,  X  ,  X  ,   ,   ,   ,   ,   ,   ,   ,   ,   ,  X  ,  X  ,   ,  X  ,   ,   ,   ,   ,   ,   ,   ,   ,  X  ,   ,   ,  X 
JN.1.38 , BA.2.86.1.1.38 (JN.1.38) , 1.04 ,   ,   ,   ,  X  ,   ,   ,  X  ,   ,   ,  X  ,   ,   ,   ,   ,   ,   ,   ,   ,   ,   ,  X  ,  X  ,  X  ,  X  ,  X  ,  X  ,  X  ,  X  ,  X  ,  X  ,  X  ,  X  ,   ,   ,   ,   ,   ,   ,   ,   ,   ,  X  ,  X  ,   ,  X  ,   ,   ,   ,   ,   ,   ,   ,   ,  X  ,   ,   ,  X 
JN.1.4 , BA.2.86.1.1.4 (JN.1.4) , 1.03 ,   ,   ,   ,  X  ,   ,   ,  X  ,   ,   ,  X  ,   ,   ,   ,   ,   ,   ,   ,   ,   ,   ,  X  ,  X  ,  X  ,  X  ,  X  ,  X  ,  X  ,  X  ,  X  ,  X  ,  X  ,  X  ,   ,   ,   ,   ,   ,   ,   ,   ,   ,  X  ,  X  ,   ,  X  ,   ,   ,   ,   ,   ,   ,   ,   ,  X  ,   ,   ,  X 
JN.1.4.1 , BA.2.86.1.1.4.1 (JN.1.4.1) , 0.97 ,   ,   ,   ,  X  ,   ,   ,  X  ,   ,   ,  X  ,   ,   ,   ,   ,   ,   ,   ,   ,   ,   ,  X  ,  X  ,  X  ,  X  ,  X  ,  X  ,  X  ,  X  ,  X  ,  X  ,  X  ,  X  ,   ,   ,   ,   ,   ,   ,   ,   ,   ,  X  ,  X  ,   ,  X  ,   ,   ,   ,   ,   ,   ,   ,   ,  X  ,   ,   ,  X 
JN.1.4.2 , BA.2.86.1.1.4.2 (JN.1.4.2) , 1.08 ,   ,   ,   ,  X  ,   ,   ,  X  ,   ,   ,  X  ,   ,  X  ,   ,   ,   ,   ,   ,   ,   ,   ,  X  ,  X  ,  X  ,  X  ,  X  ,  X  ,  X  ,  X  ,  X  ,  X  ,  X  ,  X  ,   ,   ,   ,   ,   ,   ,   ,   ,   ,  X  ,  X  ,   ,  X  ,   ,   ,   ,   ,   ,   ,   ,   ,  X  ,   ,   ,  X 
JN.1.4.3 , BA.2.86.1.1.4.3 (JN.1.4.3) , 1.27 ,   ,   ,  X  ,  X  ,   ,   ,  X  ,   ,   ,  X  ,   ,   ,   ,   ,   ,   ,   ,   ,   ,   ,  X  ,  X  ,  X  ,  X  ,  X  ,  X  ,  X  ,  X  ,  X  ,  X  ,  X  ,  X  ,   ,   ,   ,   ,   ,   ,   ,   ,   ,  X  ,  X  ,   ,  X  ,   ,   ,   ,   ,   ,   ,   ,   ,  X  ,   ,   ,  X 
KQ.1 , BA.2.86.1.1.4.3.1 (KQ.1) , 1.68 ,   ,  X  ,  X  ,  X  ,   ,   ,  X  ,   ,   ,  X  ,   ,   ,   ,   ,   ,   ,   ,   ,   ,   ,  X  ,  X  ,  X  ,  X  ,  X  ,  X  ,  X  ,  X  ,  X  ,  X  ,  X  ,  X  ,   ,   ,   ,   ,   ,   ,   ,   ,   ,  X  ,  X  ,   ,  X  ,   ,   ,   ,   ,   ,   ,   ,   ,  X  ,   ,   ,  X 
JN.1.4.4 , BA.2.86.1.1.4.4 (JN.1.4.4) , 1.19 ,   ,  X  ,   ,  X  ,   ,   ,  X  ,   ,   ,  X  ,   ,   ,   ,   ,   ,   ,   ,   ,   ,   ,  X  ,  X  ,  X  ,  X  ,  X  ,  X  ,  X  ,  X  ,  X  ,  X  ,  X  ,  X  ,   ,   ,   ,   ,   ,   ,   ,   ,   ,  X  ,  X  ,   ,  X  ,   ,   ,   ,   ,   ,   ,   ,   ,  X  ,   ,   ,  X 
JN.1.4.5 , BA.2.86.1.1.4.5 (JN.1.4.5) , 1.03 ,   ,   ,   ,  X  ,   ,   ,  X  ,   ,   ,  X  ,   ,   ,   ,   ,   ,   ,   ,   ,   ,   ,  X  ,  X  ,  X  ,  X  ,  X  ,  X  ,  X  ,  X  ,  X  ,  X  ,  X  ,  X  ,   ,   ,   ,   ,   ,   ,   ,   ,   ,  X  ,  X  ,   ,  X  ,   ,   ,   ,   ,   ,   ,   ,   ,  X  ,   ,   ,  X 
JN.1.4.6 , BA.2.86.1.1.4.6 (JN.1.4.6) , 1.21 ,   ,   ,  X  ,  X  ,   ,   ,  X  ,   ,   ,  X  ,   ,   ,   ,   ,   ,   ,   ,   ,   ,   ,  X  ,  X  ,  X  ,  X  ,  X  ,  X  ,  X  ,  X  ,  X  ,  X  ,  X  ,  X  ,   ,   ,   ,   ,   ,   ,   ,   ,   ,  X  ,  X  ,   ,  X  ,   ,   ,   ,   ,   ,   ,   ,   ,  X  ,   ,   ,  X 
KV.2 , BA.2.86.1.1.4.5.2 (KV.2) , 1.29 ,   ,   ,  X  ,  X  ,   ,   ,  X  ,   ,   ,  X  ,   ,   ,   ,   ,   ,   ,   ,   ,   ,   ,  X  ,  X  ,  X  ,  X  ,  X  ,  X  ,  X  ,  X  ,  X  ,  X  ,  X  ,  X  ,   ,   ,   ,   ,   ,   ,   ,   ,   ,  X  ,  X  ,   ,  X  ,   ,   ,   ,   ,   ,   ,   ,   ,  X  ,   ,   ,  X 
JN.1.4.7 , BA.2.86.1.1.4.7 (JN.1.4.7) , 1.06 ,   ,   ,   ,  X  ,   ,   ,  X  ,   ,   ,  X  ,   ,   ,   ,   ,   ,   ,   ,   ,   ,   ,  X  ,  X  ,  X  ,  X  ,  X  ,  X  ,  X  ,  X  ,  X  ,  X  ,  X  ,  X  ,   ,   ,   ,   ,   ,   ,   ,   ,   ,  X  ,  X  ,   ,  X  ,   ,   ,   ,   ,   ,   ,   ,   ,  X  ,   ,   ,  X 
JN.1.41 , BA.2.86.1.1.41 (JN.1.41) , 0.96 ,   ,   ,   ,  X  ,   ,   ,  X  ,   ,   ,  X  ,   ,   ,   ,   ,   ,   ,   ,   ,   ,   ,  X  ,  X  ,  X  ,  X  ,  X  ,  X  ,  X  ,  X  ,  X  ,  X  ,  X  ,  X  ,   ,   ,   ,   ,   ,   ,   ,   ,   ,  X  ,  X  ,   ,  X  ,   ,   ,   ,   ,   ,   ,   ,   ,  X  ,   ,   ,  X 
JN.1.42 , BA.2.86.1.1.42 (JN.1.42) , 1.01 ,   ,   ,   ,  X  ,   ,   ,  X  ,   ,   ,  X  ,   ,   ,   ,   ,   ,   ,   ,   ,   ,   ,  X  ,  X  ,  X  ,  X  ,  X  ,  X  ,  X  ,  X  ,  X  ,  X  ,  X  ,  X  ,   ,   ,   ,   ,   ,   ,   ,   ,   ,  X  ,  X  ,   ,  X  ,   ,   ,   ,   ,   ,   ,   ,   ,  X  ,   ,   ,  X 
JN.1.43 , BA.2.86.1.1.43 (JN.1.43) , 0.94 ,   ,   ,   ,  X  ,   ,   ,  X  ,   ,   ,  X  ,   ,   ,   ,   ,   ,   ,   ,   ,   ,   ,  X  ,  X  ,  X  ,  X  ,  X  ,  X  ,  X  ,  X  ,  X  ,  X  ,  X  ,  X  ,   ,   ,   ,   ,   ,   ,   ,   ,   ,  X  ,  X  ,   ,  X  ,   ,   ,   ,   ,   ,   ,   ,   ,  X  ,   ,   ,  X 
JN.1.42.1 , BA.2.86.1.1.42.1 (JN.1.42.1) , 1.11 ,   ,   ,   ,  X  ,  X  ,   ,  X  ,   ,   ,  X  ,   ,   ,   ,   ,   ,   ,   ,   ,   ,   ,  X  ,  X  ,  X  ,  X  ,  X  ,  X  ,  X  ,  X  ,  X  ,  X  ,  X  ,  X  ,   ,   ,   ,   ,   ,   ,   ,   ,   ,  X  ,  X  ,   ,  X  ,   ,   ,   ,   ,   ,   ,   ,   ,  X  ,   ,   ,  X 
JN.1.43.1 , BA.2.86.1.1.43.1 (JN.1.43.1) , 1.06 ,   ,   ,   ,  X  ,   ,   ,  X  ,   ,   ,  X  ,   ,   ,   ,   ,   ,   ,   ,   ,   ,   ,  X  ,  X  ,  X  ,  X  ,  X  ,  X  ,  X  ,  X  ,  X  ,  X  ,  X  ,  X  ,   ,   ,   ,   ,   ,   ,   ,   ,   ,  X  ,  X  ,   ,  X  ,   ,   ,   ,   ,   ,   ,   ,   ,  X  ,   ,   ,  X 
JN.1.45 , BA.2.86.1.1.45 (JN.1.45) , 1.06 ,   ,   ,   ,  X  ,   ,   ,  X  ,   ,   ,  X  ,   ,   ,   ,   ,   ,   ,   ,   ,   ,   ,  X  ,  X  ,  X  ,  X  ,  X  ,  X  ,  X  ,  X  ,  X  ,  X  ,  X  ,  X  ,   ,   ,   ,   ,   ,   ,   ,   ,   ,  X  ,  X  ,   ,  X  ,   ,   ,   ,   ,   ,   ,   ,   ,  X  ,   ,   ,  X 
JN.1.46 , BA.2.86.1.1.46 (JN.1.46) , 1.1 ,   ,   ,   ,  X  ,   ,   ,  X  ,   ,   ,  X  ,   ,   ,   ,   ,   ,   ,   ,   ,   ,   ,  X  ,  X  ,  X  ,  X  ,  X  ,  X  ,  X  ,  X  ,  X  ,  X  ,  X  ,  X  ,   ,   ,   ,   ,   ,   ,   ,   ,   ,  X  ,  X  ,   ,  X  ,   ,   ,   ,   ,   ,   ,   ,   ,  X  ,   ,   ,  X 
JN.1.5 , BA.2.86.1.1.5 (JN.1.5) , 1.05 ,   ,   ,   ,  X  ,   ,   ,  X  ,   ,   ,  X  ,   ,   ,   ,   ,   ,   ,   ,   ,   ,   ,  X  ,  X  ,  X  ,  X  ,  X  ,  X  ,  X  ,  X  ,  X  ,  X  ,  X  ,  X  ,   ,   ,   ,   ,   ,   ,   ,   ,   ,  X  ,  X  ,   ,  X  ,   ,   ,   ,   ,   ,   ,   ,   ,  X  ,   ,   ,  X 
JN.1.6.1 , BA.2.86.1.1.6.1 (JN.1.6.1) , 1.11 ,   ,  X  ,   ,  X  ,   ,   ,  X  ,   ,   ,  X  ,   ,   ,   ,   ,   ,   ,   ,   ,   ,   ,  X  ,  X  ,  X  ,  X  ,  X  ,  X  ,  X  ,  X  ,  X  ,  X  ,  X  ,  X  ,   ,   ,   ,   ,   ,   ,   ,   ,   ,  X  ,  X  ,   ,  X  ,   ,   ,   ,   ,   ,   ,   ,   ,  X  ,   ,   ,  X 
JN.1.6 , BA.2.86.1.1.6 (JN.1.6) , 0.92 ,   ,   ,   ,  X  ,   ,   ,  X  ,   ,   ,  X  ,   ,   ,   ,   ,   ,   ,   ,   ,   ,   ,  X  ,  X  ,  X  ,  X  ,  X  ,  X  ,  X  ,  X  ,  X  ,  X  ,  X  ,  X  ,   ,   ,   ,   ,   ,   ,   ,   ,   ,  X  ,  X  ,   ,  X  ,   ,   ,   ,   ,   ,   ,   ,   ,  X  ,   ,   ,  X 
JN.1.7.1 , BA.2.86.1.1.7.1 (JN.1.7.1) , 1.35 ,   ,   ,  X  ,  X  ,   ,   ,  X  ,   ,   ,  X  ,   ,   ,   ,   ,   ,   ,   ,   ,   ,   ,  X  ,  X  ,  X  ,  X  ,  X  ,  X  ,  X  ,  X  ,  X  ,  X  ,  X  ,  X  ,   ,   ,   ,   ,   ,   ,   ,   ,   ,  X  ,  X  ,   ,  X  ,   ,   ,   ,   ,   ,   ,   ,   ,  X  ,   ,   ,  X 
JN.1.7 , BA.2.86.1.1.7 (JN.1.7) , 1.29 ,   ,   ,  X  ,  X  ,   ,   ,  X  ,   ,   ,  X  ,   ,   ,   ,   ,   ,   ,   ,   ,   ,   ,  X  ,  X  ,  X  ,  X  ,  X  ,  X  ,  X  ,  X  ,  X  ,  X  ,  X  ,  X  ,   ,   ,   ,   ,   ,   ,   ,   ,   ,  X  ,  X  ,   ,  X  ,   ,   ,   ,   ,   ,   ,   ,   ,  X  ,   ,   ,  X 
JN.1.7.2 , BA.2.86.1.1.7.2 (JN.1.7.2) , 1.32 ,   ,   ,  X  ,  X  ,   ,   ,  X  ,   ,   ,  X  ,   ,   ,   ,   ,   ,   ,   ,   ,   ,   ,  X  ,  X  ,  X  ,  X  ,  X  ,  X  ,  X  ,  X  ,  X  ,  X  ,  X  ,  X  ,   ,   ,   ,   ,   ,   ,   ,   ,   ,  X  ,  X  ,   ,  X  ,   ,   ,   ,   ,   ,   ,   ,   ,  X  ,   ,   ,  X 
JN.1.8 , BA.2.86.1.1.8 (JN.1.8) , 1.0 ,   ,   ,   ,  X  ,   ,   ,  X  ,   ,   ,  X  ,   ,   ,   ,   ,   ,   ,   ,   ,   ,   ,  X  ,  X  ,  X  ,  X  ,  X  ,  X  ,  X  ,  X  ,  X  ,  X  ,  X  ,  X  ,   ,   ,   ,   ,   ,   ,   ,   ,   ,  X  ,  X  ,   ,  X  ,   ,   ,   ,   ,   ,   ,   ,   ,  X  ,   ,   ,  X 
JN.1.8.1 , BA.2.86.1.1.8.1 (JN.1.8.1) , 1.17 ,   ,   ,  X  ,  X  ,   ,   ,  X  ,   ,   ,  X  ,   ,   ,   ,   ,   ,   ,   ,   ,   ,   ,  X  ,  X  ,  X  ,  X  ,  X  ,  X  ,  X  ,  X  ,  X  ,  X  ,  X  ,  X  ,   ,   ,   ,   ,   ,   ,   ,   ,   ,  X  ,  X  ,   ,  X  ,   ,   ,   ,   ,   ,   ,   ,   ,  X  ,   ,   ,  X 
JN.1.8.3 , BA.2.86.1.1.8.3 (JN.1.8.3) , 0.95 ,   ,   ,   ,  X  ,   ,   ,  X  ,   ,   ,  X  ,   ,   ,   ,   ,   ,   ,   ,   ,   ,   ,  X  ,  X  ,  X  ,  X  ,  X  ,  X  ,  X  ,  X  ,  X  ,  X  ,  X  ,  X  ,   ,   ,   ,   ,   ,   ,   ,   ,   ,  X  ,  X  ,   ,  X  ,   ,   ,   ,   ,   ,   ,   ,   ,  X  ,   ,   ,  X 
JN.1.9.1 , BA.2.86.1.1.9.1 (JN.1.9.1) , 1.25 ,   ,   ,  X  ,  X  ,   ,   ,  X  ,   ,   ,  X  ,   ,   ,   ,   ,   ,   ,   ,   ,   ,   ,  X  ,  X  ,  X  ,  X  ,  X  ,  X  ,  X  ,  X  ,  X  ,  X  ,  X  ,  X  ,   ,   ,   ,   ,   ,   ,   ,   ,   ,  X  ,  X  ,   ,  X  ,   ,   ,   ,   ,   ,   ,   ,   ,  X  ,   ,   ,  X 
JN.1.9 , BA.2.86.1.1.9 (JN.1.9) , 0.98 ,   ,   ,   ,  X  ,   ,   ,  X  ,   ,   ,  X  ,   ,   ,   ,   ,   ,   ,   ,   ,   ,   ,  X  ,  X  ,  X  ,  X  ,  X  ,  X  ,  X  ,  X  ,  X  ,  X  ,  X  ,  X  ,   ,   ,   ,   ,   ,   ,   ,   ,   ,  X  ,  X  ,   ,  X  ,   ,   ,   ,   ,   ,   ,   ,   ,  X  ,   ,   ,  X 
JN.10 , BA.2.86.1.10 (JN.10) , 0.85 ,   ,   ,   ,  X  ,   ,   ,   ,   ,   ,  X  ,   ,   ,   ,   ,   ,   ,   ,   ,   ,   ,  X  ,  X  ,  X  ,  X  ,  X  ,  X  ,  X  ,  X  ,  X  ,  X  ,  X  ,  X  ,   ,   ,   ,   ,   ,   ,   ,   ,   ,  X  ,  X  ,   ,  X  ,  X  ,   ,   ,   ,   ,   ,   ,   ,  X  ,   ,   ,  X 
JN.11 , BA.2.86.1.11 (JN.11) , 0.88 ,   ,   ,   ,  X  ,   ,   ,   ,   ,   ,  X  ,   ,   ,   ,   ,   ,   ,   ,   ,   ,   ,  X  ,  X  ,  X  ,  X  ,  X  ,  X  ,  X  ,  X  ,  X  ,  X  ,  X  ,  X  ,   ,   ,   ,   ,   ,   ,   ,   ,   ,  X  ,  X  ,   ,  X  ,   ,   ,   ,   ,   ,   ,   ,   ,  X  ,   ,   ,  X 
JN.14 , BA.2.86.1.14 (JN.14) , 0.9 ,   ,   ,   ,  X  ,   ,   ,   ,   ,   ,  X  ,   ,   ,   ,   ,   ,   ,   ,   ,  X  ,   ,  X  ,  X  ,  X  ,  X  ,  X  ,  X  ,  X  ,  X  ,  X  ,  X  ,  X  ,  X  ,   ,   ,   ,   ,   ,   ,   ,   ,   ,  X  ,  X  ,   ,  X  ,   ,   ,   ,   ,   ,   ,   ,   ,  X  ,   ,   ,  X 
JN.2 , BA.2.86.1.2 (JN.2) , 0.84 ,   ,   ,   ,  X  ,   ,   ,   ,   ,   ,  X  ,   ,   ,   ,   ,   ,   ,   ,   ,   ,   ,  X  ,  X  ,  X  ,  X  ,  X  ,  X  ,  X  ,  X  ,  X  ,  X  ,  X  ,  X  ,   ,   ,   ,   ,   ,   ,   ,   ,   ,  X  ,  X  ,   ,  X  ,   ,   ,   ,   ,   ,   ,   ,   ,  X  ,   ,   ,  X 
JN.2.5 , BA.2.86.1.2.5 (JN.2.5) , 0.98 ,   ,   ,   ,  X  ,   ,   ,  X  ,   ,   ,  X  ,   ,   ,   ,   ,   ,   ,   ,   ,   ,   ,  X  ,  X  ,  X  ,  X  ,  X  ,  X  ,  X  ,  X  ,  X  ,  X  ,  X  ,  X  ,   ,   ,   ,   ,   ,   ,   ,   ,   ,  X  ,  X  ,   ,  X  ,   ,   ,   ,   ,   ,   ,   ,   ,  X  ,   ,   ,  X 
JN.4 , BA.2.86.1.4 (JN.4) , 0.8 ,   ,   ,   ,  X  ,   ,   ,   ,   ,   ,  X  ,   ,   ,   ,   ,   ,   ,   ,   ,   ,   ,  X  ,  X  ,  X  ,  X  ,  X  ,  X  ,  X  ,  X  ,  X  ,  X  ,  X  ,  X  ,   ,   ,   ,   ,   ,   ,   ,   ,   ,  X  ,  X  ,   ,  X  ,  X  ,   ,   ,   ,   ,   ,   ,   ,  X  ,   ,   ,  X 
JN.3 , BA.2.86.1.3 (JN.3) , 0.8 ,   ,   ,   ,  X  ,   ,   ,   ,   ,   ,  X  ,   ,   ,   ,   ,   ,   ,   ,   ,   ,   ,  X  ,  X  ,  X  ,  X  ,  X  ,  X  ,  X  ,  X  ,  X  ,  X  ,  X  ,  X  ,   ,   ,   ,   ,   ,   ,   ,   ,   ,  X  ,  X  ,   ,  X  ,   ,   ,   ,   ,   ,   ,   ,   ,  X  ,   ,   ,  X 
JN.6 , BA.2.86.1.6 (JN.6) , 0.82 ,   ,   ,   ,  X  ,   ,   ,   ,   ,   ,  X  ,   ,   ,   ,   ,   ,   ,   ,   ,   ,   ,  X  ,  X  ,  X  ,  X  ,  X  ,  X  ,  X  ,  X  ,  X  ,  X  ,  X  ,  X  ,   ,   ,   ,   ,   ,   ,   ,   ,   ,  X  ,  X  ,   ,  X  ,   ,   ,   ,   ,   ,   ,   ,   ,  X  ,   ,   ,  X 
BA.2.86.3 , BA.2.86.3 , 1.0 ,   ,   ,   ,  X  ,   ,   ,   ,   ,   ,  X  ,   ,   ,   ,   ,   ,   ,   ,   ,   ,   ,  X  ,  X  ,  X  ,  X  ,  X  ,  X  ,  X  ,  X  ,  X  ,  X  ,  X  ,  X  ,   ,   ,   ,   ,   ,   ,   ,   ,   ,  X  ,  X  ,   ,  X  ,   ,   ,   ,   ,   ,   ,   ,   ,  X  ,   ,   ,  X 
XDD , XDD , 0.9 ,   ,   ,   ,  X  ,   ,   ,  X  ,   ,   ,  X  ,   ,   ,   ,   ,   ,   ,   ,   ,   ,   ,  X  ,  X  ,  X  ,  X  ,  X  ,  X  ,  X  ,  X  ,  X  ,  X  ,  X  ,  X  ,   ,   ,   ,   ,   ,   ,   ,   ,   ,  X  ,  X  ,   ,  X  ,   ,   ,   ,   ,   ,   ,   ,   ,  X  ,   ,   ,  X 
XDD.1 , XDD.1 , 0.97 ,   ,   ,   ,  X  ,   ,   ,  X  ,   ,   ,  X  ,   ,   ,   ,   ,   ,   ,   ,   ,   ,   ,  X  ,  X  ,  X  ,  X  ,  X  ,  X  ,  X  ,  X  ,  X  ,  X  ,  X  ,  X  ,  X  ,   ,   ,   ,   ,   ,   ,   ,   ,  X  ,  X  ,   ,  X  ,   ,   ,   ,   ,   ,   ,   ,   ,  X  ,   ,   ,  X 
XDD.1.1 , XDD.1.1 , 1.0 ,   ,   ,   ,  X  ,   ,   ,  X  ,   ,   ,  X  ,   ,   ,   ,   ,   ,   ,   ,   ,   ,   ,  X  ,  X  ,  X  ,  X  ,  X  ,  X  ,  X  ,  X  ,  X  ,  X  ,  X  ,  X  ,  X  ,   ,   ,   ,   ,   ,   ,   ,   ,  X  ,  X  ,   ,  X  ,   ,   ,   ,   ,   ,   ,   ,   ,  X  ,   ,   ,  X 
XDK , XDK , 1.23 ,   ,   ,  X  ,  X  ,   ,   ,  X  ,   ,   ,  X  ,   ,   ,   ,   ,   ,   ,   ,   ,   ,   ,  X  ,  X  ,  X  ,  X  ,  X  ,  X  ,  X  ,  X  ,  X  ,  X  ,  X  ,  X  ,   ,   ,   ,   ,   ,   ,   ,   ,   ,  X  ,  X  ,   ,  X  ,   ,   ,   ,   ,   ,   ,   ,   ,  X  ,   ,   ,  X 
XDK.1 , XDK.1 , 1.49 ,   ,  X  ,  X  ,  X  ,   ,   ,  X  ,   ,   ,  X  ,   ,   ,   ,   ,   ,   ,   ,   ,   ,   ,  X  ,  X  ,  X  ,  X  ,  X  ,  X  ,  X  ,  X  ,  X  ,  X  ,   ,  X  ,   ,   ,   ,   ,   ,   ,   ,   ,   ,  X  ,  X  ,   ,  X  ,   ,   ,   ,   ,   ,   ,   ,   ,  X  ,   ,   ,  X 
XDL , XDL , 0.98 ,  X  ,  X  ,   ,   ,   ,   ,   ,   ,   ,   ,   ,   ,   ,   ,   ,   ,   ,   ,   ,   ,   ,   ,   ,   ,   ,   ,   ,   ,   ,   ,   ,   ,   ,   ,   ,   ,   ,   ,   ,   ,   ,  X  ,  X  ,   ,  X  ,   ,  X  ,  X  ,  X  ,  X  ,  X  ,   ,   ,   ,   ,   ,  X 
XDN , XDN , 0.92 ,   ,   ,   ,  X  ,   ,   ,  X  ,   ,   ,  X  ,   ,   ,   ,   ,   ,   ,   ,   ,   ,   ,  X  ,  X  ,  X  ,  X  ,  X  ,  X  ,  X  ,  X  ,  X  ,  X  ,  X  ,  X  ,   ,   ,   ,   ,   ,   ,   ,   ,   ,  X  ,  X  ,   ,  X  ,   ,   ,   ,   ,   ,   ,   ,   ,  X  ,   ,   ,  X 
XDP , XDP , 1.22 ,   ,   ,   ,  X  ,   ,   ,  X  ,   ,   ,  X  ,   ,   ,   ,   ,   ,   ,   ,   ,   ,   ,  X  ,  X  ,  X  ,  X  ,  X  ,  X  ,  X  ,  X  ,  X  ,  X  ,  X  ,  X  ,   ,   ,   ,   ,   ,   ,   ,   ,   ,  X  ,  X  ,   ,  X  ,   ,   ,   ,   ,   ,   ,   ,   ,  X  ,   ,   ,  X 
XDP.1 , XDP.1 , 1.27 ,   ,   ,   ,  X  ,   ,   ,  X  ,   ,   ,  X  ,   ,   ,   ,   ,   ,   ,   ,   ,   ,   ,  X  ,  X  ,  X  ,  X  ,  X  ,  X  ,  X  ,  X  ,  X  ,  X  ,  X  ,  X  ,   ,   ,   ,   ,   ,   ,   ,   ,   ,  X  ,  X  ,   ,  X  ,   ,   ,   ,   ,   ,   ,   ,   ,  X  ,   ,   ,  X 
XDQ , XDQ , 1.27 ,   ,   ,   ,  X  ,   ,   ,   ,   ,   ,  X  ,   ,   ,   ,   ,   ,   ,   ,   ,   ,   ,  X  ,  X  ,  X  ,  X  ,  X  ,  X  ,  X  ,  X  ,  X  ,  X  ,  X  ,  X  ,   ,   ,   ,   ,   ,   ,  X  ,   ,   ,  X  ,  X  ,   ,  X  ,   ,   ,   ,   ,   ,   ,   ,   ,   ,   ,   ,  X 
XDQ.1 , XDQ.1 , 1.29 ,   ,   ,   ,  X  ,   ,   ,   ,   ,   ,  X  ,   ,   ,   ,   ,   ,   ,   ,   ,   ,   ,  X  ,  X  ,  X  ,  X  ,  X  ,  X  ,  X  ,  X  ,  X  ,  X  ,  X  ,  X  ,   ,   ,   ,   ,   ,   ,   ,   ,   ,  X  ,  X  ,   ,  X  ,  X  ,   ,   ,   ,   ,   ,   ,   ,   ,   ,   ,  X 
XDR , XDR , 1.16 ,   ,   ,   ,  X  ,   ,   ,  X  ,   ,   ,  X  ,   ,   ,   ,   ,   ,   ,   ,   ,   ,   ,  X  ,  X  ,  X  ,  X  ,  X  ,  X  ,  X  ,  X  ,  X  ,  X  ,  X  ,  X  ,   ,   ,   ,   ,   ,   ,   ,   ,   ,  X  ,  X  ,   ,  X  ,   ,   ,   ,   ,   ,   ,   ,   ,  X  ,   ,   ,  X 
XDS , XDS , 1.16 ,   ,   ,   ,  X  ,   ,  X  ,   ,   ,   ,  X  ,   ,   ,   ,   ,   ,   ,   ,   ,   ,   ,  X  ,  X  ,  X  ,  X  ,  X  ,  X  ,  X  ,  X  ,  X  ,  X  ,  X  ,  X  ,   ,   ,   ,   ,   ,   ,   ,   ,   ,  X  ,  X  ,   ,  X  ,   ,   ,   ,   ,   ,   ,   ,   ,  X  ,   ,   ,  X 
JC.5.1 , XBB.1.41.1.5.1 (JC.5.1) , 0.94 ,   ,  X  ,   ,   ,   ,   ,   ,   ,   ,  X  ,   ,   ,   ,   ,  X  ,   ,   ,   ,   ,   ,   ,   ,   ,   ,   ,   ,   ,   ,   ,   ,   ,   ,   ,   ,   ,   ,   ,   ,   ,   ,   ,  X  ,  X  ,   ,  X  ,   ,   ,  X  ,   ,  X  ,  X  ,   ,   ,   ,  X  ,   ,  X 
JD.1.1 , XBB.1.5.102.1.1 (JD.1.1) , 0.66 ,  X  ,  X  ,   ,   ,   ,   ,   ,   ,   ,   ,   ,   ,   ,   ,   ,   ,   ,   ,   ,   ,   ,   ,   ,   ,   ,   ,   ,   ,   ,   ,   ,   ,   ,   ,   ,   ,   ,   ,   ,   ,   ,  X  ,  X  ,   ,  X  ,  X  ,   ,  X  ,  X  ,  X  ,  X  ,   ,   ,   ,  X  ,   ,  X 
JD.1.1.1 , XBB.1.5.102.1.1.1 (JD.1.1.1) , 0.72 ,  X  ,  X  ,   ,   ,   ,   ,   ,   ,   ,   ,   ,   ,   ,   ,   ,   ,   ,   ,   ,   ,   ,   ,   ,   ,   ,   ,   ,   ,   ,   ,   ,   ,   ,   ,   ,   ,   ,   ,   ,   ,   ,  X  ,  X  ,  X  ,  X  ,  X  ,   ,  X  ,  X  ,  X  ,  X  ,   ,   ,   ,  X  ,   ,  X 
JD.1.1.3 , XBB.1.5.102.1.1.3 (JD.1.1.3) , 0.75 ,  X  ,  X  ,   ,   ,   ,   ,   ,   ,   ,   ,   ,   ,   ,   ,   ,   ,   ,   ,   ,   ,   ,   ,   ,   ,   ,   ,   ,   ,   ,   ,   ,   ,   ,   ,   ,   ,   ,  X  ,   ,   ,   ,  X  ,  X  ,   ,  X  ,  X  ,   ,  X  ,  X  ,  X  ,  X  ,   ,   ,   ,  X  ,   ,  X 
JD.1.1.8 , XBB.1.5.102.1.1.8 (JD.1.1.8) , 0.75 ,  X  ,  X  ,   ,   ,   ,   ,   ,   ,   ,   ,   ,   ,   ,   ,   ,   ,   ,   ,   ,   ,   ,   ,   ,   ,   ,   ,   ,   ,   ,   ,   ,   ,   ,   ,   ,   ,   ,   ,   ,   ,   ,  X  ,  X  ,   ,  X  ,  X  ,   ,  X  ,  X  ,  X  ,  X  ,   ,   ,   ,  X  ,   ,  X 
GK.1.1.1 , XBB.1.5.70.1.1.1 (GK.1.1.1) , 0.74 ,  X  ,  X  ,   ,   ,   ,   ,   ,   ,   ,   ,   ,   ,   ,   ,   ,   ,   ,   ,   ,   ,   ,   ,   ,   ,   ,   ,   ,   ,   ,   ,   ,   ,  X  ,   ,   ,   ,  X  ,   ,   ,   ,   ,  X  ,  X  ,   ,  X  ,   ,   ,  X  ,  X  ,  X  ,  X  ,   ,   ,   ,  X  ,   ,  X 
FL.1.5.1 , XBB.1.9.1.1.5.1 (FL.1.5.1) , 0.8 ,  X  ,  X  ,   ,   ,   ,   ,   ,   ,   ,   ,   ,   ,   ,   ,  X  ,   ,   ,   ,   ,   ,   ,   ,   ,   ,   ,   ,   ,   ,   ,   ,   ,   ,   ,   ,   ,   ,   ,   ,   ,   ,  X  ,  X  ,  X  ,   ,  X  ,   ,   ,  X  ,   ,  X  ,  X  ,   ,   ,   ,  X  ,   ,  X 
EG.5.1.1 , XBB.1.9.2.5.1.1 (EG.5.1.1) , 0.7 ,  X  ,  X  ,   ,   ,   ,   ,   ,   ,   ,   ,   ,   ,   ,   ,   ,   ,   ,   ,   ,   ,   ,   ,   ,   ,   ,   ,   ,   ,   ,   ,   ,   ,   ,   ,   ,   ,   ,   ,   ,   ,   ,  X  ,  X  ,   ,  X  ,   ,  X  ,  X  ,   ,  X  ,  X  ,   ,   ,   ,  X  ,   ,  X 
HK.20.1 , XBB.1.9.2.5.1.1.20.1 (HK.20.1) , 0.71 ,  X  ,  X  ,   ,   ,   ,   ,   ,   ,   ,   ,   ,   ,   ,   ,   ,   ,   ,   ,   ,   ,   ,   ,   ,   ,   ,   ,   ,   ,   ,   ,   ,   ,   ,   ,   ,   ,   ,   ,   ,   ,   ,  X  ,  X  ,   ,  X  ,   ,  X  ,  X  ,  X  ,  X  ,  X  ,   ,   ,   ,  X  ,   ,  X 
HK.26 , XBB.1.9.2.5.1.1.26 (HK.26) , 0.71 ,  X  ,  X  ,   ,   ,   ,   ,   ,   ,   ,   ,   ,   ,   ,   ,   ,   ,   ,   ,   ,   ,   ,   ,   ,   ,   ,   ,   ,   ,   ,   ,   ,   ,   ,   ,   ,   ,   ,   ,   ,   ,   ,  X  ,  X  ,   ,  X  ,   ,  X  ,  X  ,  X  ,  X  ,  X  ,   ,   ,   ,  X  ,   ,  X 
HK.3 , XBB.1.9.2.5.1.1.3 (HK.3) , 0.65 ,  X  ,  X  ,   ,   ,   ,   ,   ,   ,   ,   ,   ,   ,   ,   ,   ,   ,   ,   ,   ,   ,   ,   ,   ,   ,   ,   ,   ,   ,   ,   ,   ,   ,   ,   ,   ,   ,   ,   ,   ,   ,   ,  X  ,  X  ,   ,  X  ,   ,  X  ,  X  ,  X  ,  X  ,  X  ,   ,   ,   ,  X  ,   ,  X 
HK.3.1 , XBB.1.9.2.5.1.1.3.1 (HK.3.1) , 0.6 ,  X  ,  X  ,   ,   ,   ,   ,   ,   ,   ,   ,   ,   ,   ,   ,   ,   ,   ,   ,   ,   ,   ,   ,   ,   ,   ,   ,   ,   ,   ,   ,   ,   ,   ,   ,   ,   ,   ,   ,   ,   ,   ,  X  ,  X  ,   ,  X  ,   ,  X  ,  X  ,  X  ,  X  ,  X  ,   ,   ,   ,  X  ,  X  ,  X 
HK.3.13 , XBB.1.9.2.5.1.1.3.13 (HK.3.13) , 0.78 ,  X  ,  X  ,   ,   ,   ,   ,   ,   ,   ,   ,   ,   ,   ,   ,   ,   ,   ,   ,   ,   ,   ,   ,   ,   ,   ,   ,   ,   ,   ,   ,   ,   ,   ,   ,   ,   ,   ,   ,   ,   ,   ,  X  ,  X  ,   ,  X  ,   ,  X  ,  X  ,  X  ,  X  ,  X  ,   ,   ,   ,  X  ,   ,  X 
HK.3.2 , XBB.1.9.2.5.1.1.3.2 (HK.3.2) , 0.77 ,  X  ,  X  ,   ,   ,   ,   ,   ,   ,   ,   ,   ,   ,   ,   ,   ,   ,   ,   ,   ,   ,   ,   ,   ,   ,   ,   ,   ,   ,   ,   ,   ,   ,   ,   ,   ,   ,   ,   ,   ,   ,   ,  X  ,  X  ,   ,  X  ,   ,  X  ,  X  ,  X  ,  X  ,  X  ,   ,   ,   ,  X  ,   ,  X 
HK.3.2.2 , XBB.1.9.2.5.1.1.3.2.2 (HK.3.2.2) , 0.78 ,  X  ,  X  ,   ,   ,   ,   ,   ,   ,   ,   ,   ,  X  ,   ,   ,   ,   ,   ,   ,   ,   ,   ,   ,   ,   ,   ,   ,   ,   ,   ,   ,   ,   ,   ,   ,   ,   ,   ,   ,   ,   ,   ,  X  ,  X  ,   ,  X  ,   ,  X  ,  X  ,  X  ,  X  ,  X  ,   ,   ,   ,  X  ,   ,  X 
JG.3 , XBB.1.9.2.5.1.3.3 (JG.3) , 0.68 ,  X  ,  X  ,   ,   ,   ,   ,   ,   ,   ,   ,   ,   ,   ,   ,   ,   ,   ,   ,   ,   ,   ,   ,   ,   ,   ,   ,   ,   ,   ,   ,   ,   ,  X  ,   ,   ,   ,   ,   ,   ,   ,   ,  X  ,  X  ,   ,  X  ,   ,  X  ,  X  ,  X  ,  X  ,  X  ,   ,   ,   ,  X  ,   ,  X 
JG.3.1 , XBB.1.9.2.5.1.3.3.1 (JG.3.1) , 0.66 ,  X  ,  X  ,   ,   ,   ,   ,   ,   ,   ,   ,   ,   ,   ,   ,   ,   ,   ,   ,   ,   ,   ,   ,   ,   ,   ,   ,   ,   ,   ,   ,   ,   ,  X  ,   ,   ,   ,   ,   ,   ,   ,   ,  X  ,  X  ,   ,  X  ,   ,  X  ,  X  ,  X  ,  X  ,  X  ,  X  ,   ,   ,  X  ,   ,  X 
JG.3.2 , XBB.1.9.2.5.1.3.3.2 (JG.3.2) , 0.87 ,  X  ,  X  ,   ,  X  ,   ,   ,   ,   ,   ,   ,   ,   ,   ,   ,   ,   ,   ,   ,   ,   ,   ,   ,   ,   ,   ,   ,   ,   ,   ,   ,   ,   ,  X  ,   ,   ,   ,   ,   ,   ,   ,   ,  X  ,  X  ,   ,  X  ,   ,  X  ,  X  ,  X  ,  X  ,  X  ,   ,   ,   ,  X  ,   ,  X 
HV.1 , XBB.1.9.2.5.1.6.1 (HV.1) , 0.63 ,  X  ,  X  ,   ,   ,   ,   ,   ,   ,   ,   ,   ,   ,   ,   ,   ,   ,   ,   ,   ,   ,   ,   ,   ,   ,   ,   ,   ,   ,   ,   ,   ,   ,   ,   ,   ,  X  ,   ,   ,   ,   ,   ,  X  ,  X  ,   ,  X  ,   ,  X  ,  X  ,   ,  X  ,  X  ,   ,   ,   ,  X  ,  X  ,  X 
HV.1.1 , XBB.1.9.2.5.1.6.1.1 (HV.1.1) , 0.69 ,  X  ,  X  ,   ,   ,   ,   ,   ,   ,   ,   ,   ,   ,   ,  X  ,   ,   ,   ,   ,   ,   ,   ,   ,   ,   ,   ,   ,   ,   ,   ,   ,   ,   ,   ,   ,   ,  X  ,   ,   ,   ,   ,   ,  X  ,  X  ,   ,  X  ,   ,  X  ,  X  ,   ,  X  ,  X  ,   ,   ,   ,  X  ,  X  ,  X 
KL.1 , XBB.1.9.2.5.1.6.1.6.1.1 (KL.1) , 0.74 ,  X  ,  X  ,   ,   ,   ,   ,   ,   ,   ,   ,   ,   ,   ,   ,   ,  X  ,   ,   ,   ,   ,   ,   ,   ,   ,   ,   ,   ,   ,   ,   ,   ,   ,  X  ,   ,   ,  X  ,   ,   ,   ,   ,   ,  X  ,  X  ,   ,  X  ,   ,  X  ,  X  ,   ,  X  ,  X  ,   ,   ,   ,  X  ,  X  ,  X 
EG.5.1.8 , XBB.1.9.2.5.1.8 (EG.5.1.8) , 0.61 ,  X  ,  X  ,   ,   ,   ,   ,   ,   ,   ,   ,   ,   ,   ,   ,   ,   ,   ,   ,   ,   ,   ,   ,   ,   ,   ,   ,   ,   ,   ,   ,   ,   ,   ,   ,   ,   ,   ,   ,   ,   ,   ,  X  ,  X  ,   ,  X  ,   ,  X  ,  X  ,  X  ,  X  ,  X  ,   ,   ,   ,  X  ,   ,  X 
KT.1 , XBB.2.3.10.1.2.1.1 (KT.1) , 0.91 ,   ,  X  ,   ,   ,   ,   ,   ,   ,   ,   ,   ,   ,  X  ,   ,   ,   ,  X  ,  X  ,   ,   ,   ,   ,   ,   ,   ,   ,   ,   ,   ,   ,   ,   ,   ,   ,   ,   ,   ,   ,   ,   ,   ,  X  ,  X  ,   ,  X  ,   ,   ,  X  ,   ,  X  ,  X  ,   ,   ,   ,  X  ,   ,  X 
KT.1.1 , XBB.2.3.10.1.2.1.1.1 (KT.1.1) , 0.93 ,   ,  X  ,   ,   ,   ,   ,   ,   ,   ,   ,   ,   ,  X  ,   ,   ,   ,  X  ,  X  ,   ,   ,   ,   ,   ,   ,   ,   ,   ,   ,   ,   ,   ,   ,   ,   ,   ,   ,   ,   ,   ,   ,   ,  X  ,  X  ,   ,  X  ,   ,   ,  X  ,   ,  X  ,  X  ,   ,   ,   ,  X  ,   ,  X 
